{"count":1,"self":234.5824768,"total":1241.6933302999998,"children":{"InitializeActuators":{"count":4,"self":0.0029908,"total":0.0029908,"children":null},"InitializeSensors":{"count":4,"self":0.0039892,"total":0.0039892,"children":null},"AgentSendState":{"count":599067,"self":22.3294256,"total":70.682450199999991,"children":{"CollectObservations":{"count":239628,"self":38.7298656,"total":38.729866,"children":null},"WriteActionMask":{"count":239628,"self":0.36019789999999996,"total":0.36019789999999996,"children":null},"RequestDecision":{"count":239628,"self":0.7327174,"total":9.2629606999999989,"children":{"AgentInfo.ToProto":{"count":239628,"self":1.3062493,"total":8.5302433,"children":{"GenerateSensorData":{"count":239628,"self":6.1021636,"total":7.2239939999999994,"children":{"RayPerceptionSensor.Perceive":{"count":239628,"self":1.1218304,"total":1.1218304,"children":null}}}}}}}}},"DecideAction":{"count":599067,"self":929.2950528,"total":929.2950883,"children":null},"AgentAct":{"count":599067,"self":7.102404,"total":7.1153634,"children":{"AgentInfo.ToProto":{"count":308,"self":0.0009973,"total":0.0129593,"children":{"GenerateSensorData":{"count":308,"self":0.0109654,"total":0.011961999999999999,"children":{"RayPerceptionSensor.Perceive":{"count":308,"self":0.0009966,"total":0.0009966,"children":null}}}}}}},"AgentInfo.ToProto":{"count":292,"self":0.00099589999999999987,"total":0.0089754999999999991,"children":{"GenerateSensorData":{"count":292,"self":0.0059851999999999995,"total":0.0079796,"children":{"RayPerceptionSensor.Perceive":{"count":292,"self":0.0019944,"total":0.0019944,"children":null}}}}}},"gauges":{"Miner.CumulativeReward":{"count":600,"max":0.08695652,"min":0,"runningAverage":0.00297101424,"value":0,"weightedAverage":2.20680613E-06}},"metadata":{"timer_format_version":"0.1.0","start_time_seconds":"1684782676","unity_version":"2021.3.16f1","command_line_arguments":"D:\\licenta\\githubBuilds\\builds\\build5_win\\try1.exe -nographics -batchmode --mlagents-port 5005 -logFile D:\\licenta\\try1\\Assets\\results\\1321232\\run_logs\\Player-0.log","communication_protocol_version":"1.5.0","com.unity.ml-agents_version":"2.0.0-exp.1","scene_name":"SampleScene","end_time_seconds":"1684783917"}}